date,time,price
2018-04-06,9:21:38.831521,226
2018-04-06,9:21:43.484031,226
2018-04-06,9:21:47.898632,226
2018-04-06,9:21:51.320762,226
2018-04-06,9:21:55.176780,226
2018-04-06,9:22:01.580311,226
2018-04-06,9:22:05.584853,226
2018-04-06,9:22:08.985024,226
2018-04-06,9:22:12.941540,226
2018-04-06,9:22:16.974129,226
2018-04-06,9:22:20.867821,226
2018-04-06,9:22:24.917363,226
2018-04-06,9:22:28.681625,225.11
2018-04-06,9:22:33.126478,226
2018-04-06,9:22:36.729330,225.11
2018-04-06,9:22:41.468559,225.11
2018-04-06,9:22:45.385776,225.11
2018-04-06,9:22:49.085459,225.11
2018-04-06,9:22:52.754194,225.11
2018-04-06,9:22:56.708203,225.11
2018-04-06,9:23:02.113044,225.11
2018-04-06,9:23:07.755060,225.11
2018-04-06,9:23:14.070419,225.11
2018-04-06,9:23:19.380140,225.11
2018-04-06,9:23:24.711219,225.11
2018-04-06,9:23:29.995388,225.11
2018-04-06,9:23:35.548611,225.11
2018-04-06,9:23:42.828729,228
2018-04-06,9:23:47.726269,225.11
2018-04-06,9:23:52.173533,228
2018-04-06,9:24:01.253670,225.11
2018-04-06,9:24:08.467989,228
2018-04-06,9:24:14.129507,228
2018-04-06,9:24:22.188889,228
2018-04-06,9:24:28.712385,228
2018-04-06,9:24:34.273423,228
2018-04-06,9:24:41.553184,226
2018-04-06,9:24:50.621663,226
2018-04-06,9:24:56.010130,226
2018-04-06,9:25:01.465867,226
2018-04-06,9:25:06.841617,226
2018-04-06,9:25:11.757873,226
2018-04-06,9:25:19.056536,226
2018-04-06,9:25:23.684963,226
2018-04-06,9:25:28.271637,226
2018-04-06,9:25:34.437258,226
2018-04-06,9:25:39.146638,226
2018-04-06,9:25:43.775514,226
2018-04-06,9:25:48.518181,226
2018-04-06,9:25:53.942547,226
2018-04-06,9:25:58.794184,225.06
2018-04-06,9:26:03.700726,225.06
2018-04-06,9:26:08.556530,225.06
2018-04-06,9:26:13.119558,225.06
2018-04-06,9:26:17.312966,225.06
2018-04-06,9:26:25.468377,225.06
2018-04-06,9:26:30.944896,225.06
2018-04-06,9:26:36.769972,225.1
2018-04-06,9:26:41.463584,225.1
2018-04-06,9:26:47.270990,225.1
2018-04-06,9:26:52.753468,225.1
2018-04-06,9:26:58.601382,225.1
2018-04-06,9:27:03.805964,225.1
2018-04-06,9:27:09.053906,225.1
2018-04-06,9:27:14.283155,225.1
2018-04-06,9:27:20.900888,225.1
2018-04-06,9:27:26.630171,225.1
2018-04-06,9:27:31.516621,225.1
2018-04-06,9:27:36.404116,225.1
2018-04-06,9:27:41.225585,225.1
2018-04-06,9:27:45.627493,225.1
2018-04-06,9:27:50.882860,225.5
2018-04-06,9:27:55.857974,225.5
2018-04-06,9:28:01.015495,225.1
2018-04-06,9:28:07.128896,225.5
2018-04-06,9:28:12.516461,225.5
2018-04-06,9:28:17.708086,225.5
2018-04-06,9:28:22.938344,225.5
2018-04-06,9:28:28.151501,225.5
2018-04-06,9:28:33.760919,225
2018-04-06,9:28:39.030455,225
2018-04-06,9:28:44.891395,225
2018-04-06,9:28:49.889117,225
2018-04-06,9:28:54.803668,225
2018-04-06,9:28:59.694010,225
2018-04-06,9:29:04.016687,225
2018-04-06,9:29:09.351983,225
2018-04-06,9:29:14.436345,225
2018-04-06,9:29:23.495594,225
2018-04-06,9:29:28.365497,225
2018-04-06,9:29:33.477754,225
2018-04-06,9:29:38.491796,225
2018-04-06,9:29:45.853658,225
2018-04-06,9:29:51.788709,225
2018-04-06,9:29:56.527468,225
2018-04-06,9:30:07.390245,225
2018-04-06,9:30:11.875513,225
2018-04-06,9:30:16.537625,225
2018-04-06,9:30:21.502890,225
2018-04-06,9:30:25.900134,225
2018-04-06,9:30:30.551766,225
2018-04-06,9:30:35.021683,225
2018-04-06,9:30:40.314554,225
2018-04-06,9:30:46.105401,225
2018-04-06,9:30:51.040594,225
2018-04-06,9:30:59.284618,225
2018-04-06,9:31:04.642539,225
2018-04-06,9:31:09.128026,225
2018-04-06,9:31:16.835506,225
2018-04-06,9:31:22.372998,225
2018-04-06,9:31:26.339605,225
2018-04-06,9:31:30.834848,225
2018-04-06,9:31:37.866575,225
2018-04-06,9:31:44.059469,225
2018-04-06,9:31:48.948274,225
2018-04-06,9:31:53.601026,225
2018-04-06,9:31:58.453781,225
2018-04-06,9:32:02.935093,225
2018-04-06,9:32:08.530983,225
2018-04-06,9:32:16.519005,225
2018-04-06,9:32:21.924310,225
2018-04-06,9:32:26.553046,225
2018-04-06,9:32:32.650674,225
2018-04-06,9:32:43.018289,225.01
2018-04-06,9:32:48.373140,225.01
2018-04-06,9:32:53.112823,225.01
2018-04-06,9:32:58.376662,225.01
2018-04-06,9:33:04.566959,225.01
2018-04-06,9:33:12.096605,225.01
2018-04-06,9:33:17.670432,225.01
2018-04-06,9:33:22.640124,225.01
2018-04-06,9:33:28.797497,225.01
2018-04-06,9:33:33.586051,225.01
2018-04-06,9:33:38.415448,225.01
2018-04-06,9:33:43.350548,225.25
2018-04-06,9:33:51.239150,225.25
2018-04-06,9:33:57.083242,225.25
2018-04-06,9:34:02.789947,225.25
2018-04-06,9:34:08.189829,225.25
2018-04-06,9:34:14.276495,225.25
2018-04-06,9:34:19.053894,225.25
2018-04-06,9:34:25.184929,225.25
2018-04-06,9:34:30.369195,225.25
2018-04-06,9:34:40.861605,225.89
2018-04-06,9:34:46.564888,225.89
2018-04-06,9:34:57.872570,225.89
2018-04-06,9:35:02.621159,225.89
2018-04-06,9:35:07.506098,225.89
2018-04-06,9:35:12.215103,225.89
2018-04-06,9:35:17.244029,225.89
2018-04-06,9:35:23.260856,225.89
2018-04-06,9:35:28.736101,225.89
2018-04-06,9:35:34.175092,225.89
2018-04-06,9:35:40.211878,225.89
2018-04-06,9:35:46.008789,225
2018-04-06,9:35:51.648533,225.89
2018-04-06,9:35:59.749667,225
2018-04-06,9:36:04.749793,225
2018-04-06,9:36:10.709441,225
2018-04-06,9:36:15.543529,225
2018-04-06,9:36:20.451328,225
2018-04-06,9:36:27.004442,225
2018-04-06,9:36:31.826269,225
2018-04-06,9:36:39.209024,224.6
2018-04-06,9:36:48.534289,225
2018-04-06,9:36:53.924221,224.6
2018-04-06,9:36:58.748759,224.6
2018-04-06,9:37:05.147883,224.6
2018-04-06,9:37:11.066707,224.6
2018-04-06,9:37:15.900436,224.6
2018-04-06,9:37:20.836646,224.6
2018-04-06,9:37:25.876753,224.6
2018-04-06,9:37:30.434317,224.6
2018-04-06,9:37:34.754429,224.6
2018-04-06,9:37:40.019389,224.6
2018-04-06,9:37:44.817732,224.6
2018-04-06,9:37:49.485303,224.6
2018-04-06,9:37:53.909721,224.5
2018-04-06,9:37:59.035715,224.6
2018-04-06,9:38:06.783132,224.5
2018-04-06,9:38:12.557747,224.5
2018-04-06,9:38:17.938845,224.5
2018-04-06,9:38:23.023148,224.5
2018-04-06,9:38:27.726692,225.9
2018-04-06,9:38:35.001008,225.9
2018-04-06,9:38:39.884507,225.9
2018-04-06,9:38:44.898416,225.9
2018-04-06,9:38:49.745489,225.9
2018-04-06,9:38:54.472263,225.9
2018-04-06,9:38:59.302551,225.9
2018-04-06,9:39:04.108682,225.9
2018-04-06,9:39:09.150750,225.9
2018-04-06,9:39:14.186831,225.9
2018-04-06,9:39:18.895767,225.9
2018-04-06,9:39:23.963294,225.9
2018-04-06,9:49:22.484249,225.9
2018-04-06,9:49:30.535345,224.89
2018-04-06,9:49:38.014982,224.89
2018-04-06,9:49:44.742387,224.85
2018-04-06,9:49:51.387430,224.89
2018-04-06,9:49:58.750527,224.85
2018-04-06,9:50:05.551435,224.89
2018-04-06,9:50:12.328934,224.85
2018-04-06,9:50:18.801720,224.85
2018-04-06,9:50:31.219363,224.85
2018-04-06,9:50:37.663022,224.85
2018-04-06,9:50:45.204290,224.85
2018-04-06,9:50:53.052533,224.85
2018-04-06,9:51:01.339178,224.85
2018-04-06,9:51:10.081465,224.85
2018-04-06,9:51:20.078250,224.85
2018-04-06,9:51:30.159256,224.85
2018-04-06,9:52:15.066462,224.5
2018-04-06,9:52:25.505445,224.5
2018-04-06,9:52:39.465593,224.3
2018-04-06,9:52:46.651854,224.3
2018-04-06,9:52:53.847935,224.3
2018-04-06,9:53:01.289985,224.3
2018-04-06,9:53:12.309940,224.3
2018-04-06,9:53:21.401089,224.3
2018-04-06,9:53:28.460129,224.3
2018-04-06,9:53:34.547730,224.3
2018-04-06,9:53:42.086411,224.2
2018-04-06,9:53:48.589089,224.2
2018-04-06,9:53:56.411772,224.2
2018-04-06,9:54:02.910675,224.2
2018-04-06,9:54:09.880210,224.2
2018-04-06,9:54:17.653910,224.2
2018-04-06,9:54:23.735961,224.2
2018-04-06,9:54:30.892316,224.2
2018-04-06,9:54:42.022985,224.2
2018-04-06,9:54:49.028473,224.2
2018-04-06,9:54:55.334304,224.2
2018-04-06,9:55:04.580575,224.2
2018-04-06,9:55:20.760979,224.2
2018-04-06,9:55:28.454164,224.2
2018-04-06,9:55:40.389081,224.2
2018-04-06,9:55:47.762606,224.2
2018-04-06,9:55:55.859975,224.2
2018-04-06,9:56:03.275140,224.2
2018-04-06,9:56:11.016190,224.2
2018-04-06,9:56:20.153863,224.2
2018-04-06,9:56:29.798378,224.2
2018-04-06,9:56:37.932408,224.2
2018-04-06,9:56:45.543316,224.2
2018-04-06,9:56:53.074465,224.2
2018-04-06,9:57:02.389539,224.2
2018-04-06,9:57:09.503796,224.2
2018-04-06,9:57:19.060185,224.2
2018-04-06,9:57:34.233525,224.2
2018-04-06,9:57:45.426846,224.2
2018-04-06,9:57:55.129920,224.2
2018-04-06,9:58:08.234582,224.2
2018-04-06,9:58:16.110436,224.2
2018-04-06,9:58:24.224295,224.2
2018-04-06,9:58:35.063587,224.5
2018-04-06,9:58:42.390353,224.5
2018-04-06,9:58:51.850116,224.5
2018-04-06,9:58:58.806220,224.5
2018-04-06,9:59:05.546969,224.5
2018-04-06,9:59:12.094497,224.5
2018-04-06,9:59:26.571165,224.5
2018-04-06,9:59:34.713514,224.5
2018-04-06,9:59:41.380655,224.5
2018-04-06,9:59:47.697393,224.5
2018-04-06,9:59:55.591341,224.5
2018-04-06,10:00:06.361079,224.5
2018-04-06,10:00:13.459860,224.5
2018-04-06,10:00:20.236449,224.5
2018-04-06,10:00:27.760286,224.5
2018-04-06,10:00:34.486173,224.5
2018-04-06,10:00:41.981774,224.5
2018-04-06,10:00:49.583863,224.5
2018-04-06,10:00:57.545752,224.5
2018-04-06,10:01:05.301516,224.5
2018-04-06,10:01:14.450001,224.5
2018-04-06,10:01:22.405875,224.5
2018-04-06,10:01:29.510184,224.5
2018-04-06,10:01:37.439201,224.5
2018-04-06,10:01:44.540764,224.5
2018-04-06,10:01:52.010574,224.5
2018-04-06,10:02:03.913833,224.5
2018-04-06,10:02:27.931415,224.5
2018-04-06,10:02:39.553836,224.31
2018-04-06,10:02:47.343976,224.31
2018-04-06,10:02:57.223745,224.31
2018-04-06,10:05:05.055153,224.31
2018-04-06,10:06:00.640162,224.49
2018-04-06,10:06:39.567066,224.49
2018-04-06,10:07:05.123956,224.49
2018-04-06,10:07:25.604490,224.49
2018-04-06,10:07:47.328284,224.49
2018-04-06,10:07:56.167881,224.49
2018-04-06,10:08:10.068090,224.49
2018-04-06,10:08:18.875253,224.49
2018-04-06,10:08:29.011754,224.5
2018-04-06,10:08:42.343906,224.5
2018-04-06,10:08:50.285449,224.5
2018-04-06,10:08:58.071594,224.5
2018-04-06,10:09:07.069544,224.5
2018-04-06,10:09:14.293918,224.5
2018-04-06,10:09:22.988196,224.5
2018-04-06,10:09:30.452234,224.5
2018-04-06,10:09:51.793030,224.5
2018-04-06,10:09:59.162706,224.5
2018-04-06,10:10:06.487892,224.5
2018-04-06,10:10:13.719434,224.5
2018-04-06,10:12:42.483819,224.5
2018-04-06,10:12:50.579452,223.6
2018-04-06,10:13:00.593594,223.6
2018-04-06,10:13:08.264591,223.6
2018-04-06,10:13:14.754569,223.6
2018-04-06,10:13:23.503141,223.6
2018-04-06,10:13:34.307847,223.6
2018-04-06,10:13:42.996969,223.6
2018-04-06,10:13:51.404429,223.6
2018-04-06,10:13:57.660852,223.6
2018-04-06,10:14:04.649464,223.6
2018-04-06,10:14:16.280303,223.6
2018-04-06,10:14:24.417547,223.6
2018-04-06,10:14:33.954945,223.6
2018-04-06,10:14:40.287125,223.6
2018-04-06,10:14:48.315502,223.6
2018-04-06,10:14:56.469937,223.6
2018-04-06,10:15:04.031749,223.6
2018-04-06,10:15:12.308982,223.6
2018-04-06,10:15:27.919200,223.6
2018-04-06,10:15:35.284996,223.6
2018-04-06,10:15:43.345478,223.5
2018-04-06,10:15:50.757471,223.5
2018-04-06,10:15:58.778365,223.5
2018-04-06,10:16:06.971136,223.5
2018-04-06,10:16:15.902819,223.5
2018-04-06,10:16:23.525856,223.5
2018-04-06,10:16:31.596938,223.5
2018-04-06,10:16:38.473750,223.5
2018-04-06,10:16:45.976516,223.99
2018-04-06,10:16:56.887828,223.5
2018-04-06,10:17:05.777709,223.99
2018-04-06,10:17:13.317255,223.99
2018-04-06,10:17:22.797012,223.99
2018-04-06,10:17:29.794114,223.99
2018-04-06,10:17:36.784716,223.99
2018-04-06,10:17:43.300865,223.99
2018-04-06,10:17:51.311600,223.99
2018-04-06,10:17:58.785890,224
2018-04-06,10:18:17.217135,224
2018-04-06,10:18:25.356428,224
2018-04-06,10:18:32.726806,224
2018-04-06,10:18:40.576129,224
2018-04-06,10:18:50.924777,224
2018-04-06,10:18:58.498071,224
2018-04-06,10:19:05.451417,224
2018-04-06,10:20:16.821236,224
2018-04-06,10:20:25.057276,224
2018-04-06,10:20:32.387633,224
2018-04-06,10:20:40.008059,224
2018-04-06,10:20:46.547126,224
2018-04-06,10:20:54.742793,224
2018-04-06,10:21:02.819201,224
2018-04-06,10:21:10.164410,224
2018-04-06,10:21:16.967157,224
2018-04-06,10:21:24.756925,224
2018-04-06,10:21:33.543498,224
2018-04-06,10:21:48.114042,224
2018-04-06,10:21:57.030272,224
2018-04-06,10:22:04.054985,224
2018-04-06,10:22:13.337822,224
2018-04-06,10:22:21.525151,224
2018-04-06,10:22:29.245289,224
2018-04-06,10:22:41.574422,224
2018-04-06,10:22:48.966026,224
2018-04-06,10:22:56.491801,224
2018-04-06,10:23:03.856665,224
2018-04-06,10:23:12.503503,224
2018-04-06,10:23:20.313020,224
2018-04-06,10:23:28.123653,224
2018-04-06,10:23:36.149613,224
2018-04-06,10:23:47.184838,224
2018-04-06,10:23:58.018245,224
2018-04-06,10:24:06.512586,224
2018-04-06,10:24:14.253822,224
2018-04-06,10:24:23.879340,224
2018-04-06,10:24:33.435376,224
2018-04-06,10:24:42.800475,223.5
2018-04-06,10:24:52.247043,224
2018-04-06,10:24:58.835176,223.5
2018-04-06,10:25:08.507537,223.5
2018-04-06,10:25:16.204043,223.5
2018-04-06,10:25:23.551807,223.5
2018-04-06,10:25:31.837382,223.5
2018-04-06,10:25:39.650384,223.5
2018-04-06,10:25:47.647441,223.5
2018-04-06,10:25:55.833463,223.5
2018-04-06,10:26:05.216155,223.5
2018-04-06,10:26:16.799818,223.5
2018-04-06,10:26:24.432459,223.5
2018-04-06,10:26:31.871189,223.5
2018-04-06,10:26:45.779583,223.5
2018-04-06,10:26:56.543473,223.5
2018-04-06,10:27:04.336523,223.5
2018-04-06,10:27:12.141958,223.5
2018-04-06,10:27:20.061569,223.5
2018-04-06,10:27:30.595748,223.5
2018-04-06,10:27:38.339076,223.5
2018-04-06,10:27:53.286146,223.5
2018-04-06,10:28:04.240234,223.5
2018-04-06,10:28:12.892873,223.5
2018-04-06,10:28:21.108771,223.5
2018-04-06,10:32:31.173651,223.5
2018-04-06,10:32:38.918371,223.5
2018-04-06,10:32:46.817137,223.5
2018-04-06,10:32:53.693091,223.5
2018-04-06,10:33:00.674735,223.5
2018-04-06,10:33:08.075389,223.5
2018-04-06,10:33:18.532570,223.5
2018-04-06,10:33:28.133885,223.5
2018-04-06,10:33:36.208297,223.5
2018-04-06,10:33:45.499350,223.5
2018-04-06,10:33:55.261670,223.5
2018-04-06,10:34:05.452618,223.5
2018-04-06,10:34:22.040115,223.5
2018-04-06,10:34:29.842934,223.5
2018-04-06,10:34:38.185139,223.5
2018-04-06,10:34:46.351625,223.5
2018-04-06,10:34:54.387810,223.5
2018-04-06,10:35:01.256585,223.5
2018-04-06,10:35:14.040863,223.5
2018-04-06,10:35:22.308182,223.5
2018-04-06,10:35:30.636070,223.5
2018-04-06,10:36:42.053425,223.99
2018-04-06,10:36:50.439126,223.99
2018-04-06,10:36:58.046749,223.99
2018-04-06,10:37:05.599060,223.99
2018-04-06,10:37:14.030927,223.99
2018-04-06,10:37:21.557763,223.99
2018-04-06,10:37:29.617426,223.99
2018-04-06,10:37:39.033887,223.99
2018-04-06,10:38:51.054801,223.85
2018-04-06,10:39:00.019128,223.85
2018-04-06,10:39:10.615300,223.85
2018-04-06,10:39:19.675649,223.85
2018-04-06,10:39:27.620403,223.85
2018-04-06,10:39:35.973300,223.85
2018-04-06,10:39:43.975294,223.85
2018-04-06,10:39:51.827154,223.85
2018-04-06,10:40:00.557954,223.85
2018-04-06,10:40:08.343898,223.85
2018-04-06,10:40:15.959805,223.85
2018-04-06,10:40:24.044820,223.85
2018-04-06,10:40:32.866524,223.85
2018-04-06,10:40:40.610183,223.85
2018-04-06,10:40:48.781404,223.85
2018-04-06,10:40:56.926559,223.85
2018-04-06,10:41:04.278779,223.85
2018-04-06,10:41:18.574706,223.85
2018-04-06,10:41:26.413843,223.85
2018-04-06,10:41:35.365643,223.85
2018-04-06,10:41:43.971076,223.75
2018-04-06,10:41:51.593760,223.75
2018-04-06,10:42:00.195471,223.75
2018-04-06,10:42:20.014088,223.75
2018-04-06,10:42:26.188110,223.75
2018-04-06,10:42:34.468933,223.5
2018-04-06,10:42:40.214490,223.5
2018-04-06,10:42:48.607928,223.75
2018-04-06,10:42:56.023833,223.5
2018-04-06,10:43:06.478762,223.5
2018-04-06,10:43:14.601841,223.5
2018-04-06,10:43:22.548750,223.5
2018-04-06,11:10:34.409320,223.5
2018-04-06,11:10:41.759332,221
2018-04-06,11:10:54.189924,221
2018-04-06,11:11:01.333463,221
2018-04-06,11:11:09.606587,221
2018-04-06,11:11:20.562851,221
2018-04-06,11:11:29.761428,221
2018-04-06,11:11:37.270044,221
2018-04-06,11:11:45.115442,220.63
2018-04-06,11:11:53.002662,220.63
2018-04-06,11:12:00.087970,220.63
2018-04-06,11:12:07.775361,220.63
2018-04-06,11:12:15.990172,220.63
2018-04-06,11:12:24.225368,220.63
2018-04-06,11:12:34.562365,220.63
2018-04-06,11:12:43.847909,221
2018-04-06,11:12:52.783089,221
2018-04-06,11:13:00.979564,221
2018-04-06,11:13:09.018216,221
2018-04-06,11:13:19.831778,221
2018-04-06,11:13:28.552721,221
2018-04-06,11:13:36.281072,221
2018-04-06,11:13:44.571846,220.61
2018-04-06,11:13:53.057689,220.61
2018-04-06,11:14:04.595080,220.61
2018-04-06,11:14:18.009423,220.61
2018-04-06,11:14:26.064588,220.61
2018-04-06,11:14:33.917687,220.65
2018-04-06,11:14:41.037722,220.65
2018-04-06,11:14:48.119260,220.65
2018-04-06,11:14:54.671692,220.65
2018-04-06,11:15:01.627978,220.65
2018-04-06,11:15:10.504211,220.65
2018-04-06,11:15:19.638884,220.65
2018-04-06,11:15:27.070227,220.65
2018-04-06,11:15:36.024480,220.65
2018-04-06,11:15:45.656959,220.65
2018-04-06,11:15:55.875207,220.65
2018-04-06,11:16:04.263086,220.65
2018-04-06,11:16:10.959945,220.65
2018-04-06,11:16:22.239158,220.65
2018-04-06,11:16:30.599752,220.65
2018-04-06,11:16:41.251193,220.65
2018-04-06,11:16:48.695570,220.65
2018-04-06,11:16:59.101864,220.5
2018-04-06,11:17:07.603003,220.5
2018-04-06,11:17:15.252964,220.5
2018-04-06,11:17:24.252785,220.5
2018-04-06,11:17:32.114754,220.5
2018-04-06,11:17:40.276261,220.5
2018-04-06,11:17:48.372404,220.5
2018-04-06,11:17:57.966992,220.5
2018-04-06,11:18:05.045536,220.5
2018-04-06,11:18:12.737211,220.5
2018-04-06,11:18:20.650342,220.5
2018-04-06,11:18:32.971326,220.5
2018-04-06,11:18:41.143223,220.5
2018-04-06,11:18:55.998492,220.9
2018-04-06,11:19:05.366351,220.9
2018-04-06,11:19:13.809768,220.9
2018-04-06,11:19:23.102505,220.9
2018-04-06,11:19:31.528092,220.9
2018-04-06,11:19:39.224050,220
2018-04-06,11:19:46.020872,220
2018-04-06,11:19:55.467414,220
2018-04-06,11:20:05.646169,220
2018-04-06,11:20:14.987695,220
2018-04-06,11:20:25.547118,220
2018-04-06,11:20:34.014119,220
2018-04-06,11:20:43.136448,220
2018-04-06,11:20:55.290213,220
2018-04-06,11:21:04.116690,220
2018-04-06,11:21:14.491119,220
2018-04-06,11:21:24.468679,220
2018-04-06,11:21:38.934355,220
2018-04-06,11:21:49.256610,220
2018-04-06,11:21:57.451684,219.61
2018-04-06,11:22:08.456073,219.61
2018-04-06,11:22:16.546273,219.61
2018-04-06,11:22:24.475985,219.61
2018-04-06,11:22:33.394879,220
2018-04-06,11:22:41.097890,220
2018-04-06,11:22:48.288292,220
2018-04-06,11:22:54.880333,220
2018-04-06,11:23:02.414245,220
2018-04-06,11:23:14.229581,220
2018-04-06,11:23:21.930855,220
2018-04-06,11:23:30.343258,220
2018-04-06,11:23:39.461389,220
2018-04-06,11:23:46.627874,220
2018-04-06,11:23:54.051381,220
2018-04-06,11:24:01.212779,220
2018-04-06,11:24:09.060935,220
2018-04-06,11:24:17.231723,220
2018-04-06,11:24:26.151886,220
2018-04-06,11:24:33.943841,220
2018-04-06,11:24:42.722084,220
2018-04-06,11:24:53.082651,220
2018-04-06,11:25:05.045243,220
2018-04-06,11:25:11.555045,220
2018-04-06,11:25:19.488544,220
2018-04-06,11:25:26.837569,220
2018-04-06,11:25:35.540098,220
2018-04-06,11:25:43.616736,220
2018-04-06,11:25:50.586670,220
2018-04-06,11:26:00.177866,219.9
2018-04-06,11:26:10.402331,219.9
2018-04-06,11:26:19.093984,219.9
2018-04-06,11:26:26.870016,219.9
2018-04-06,11:26:38.773203,219.9
2018-04-06,11:26:46.071707,219.9
2018-04-06,11:26:54.024942,219.98
2018-04-06,11:27:02.535425,219.98
2018-04-06,11:27:11.404083,219.98
2018-04-06,11:27:23.078014,219.98
2018-04-06,11:27:34.653390,219.98
2018-04-06,11:27:47.594380,219.98
2018-04-06,11:27:56.151159,219.9
2018-04-06,11:28:04.878184,219.9
2018-04-06,11:28:12.064667,219.98
2018-04-06,11:28:18.704974,219.9
2018-04-06,11:28:27.059667,219.9
2018-04-06,11:28:35.562125,219.97
2018-04-06,11:28:42.858483,219.97
2018-04-06,11:28:50.152391,219.9
2018-04-06,11:29:00.290078,219.97
2018-04-06,11:29:11.823567,219.97
2018-04-06,11:29:19.686493,219.97
2018-04-06,11:29:34.813648,219.97
2018-04-06,11:29:44.025874,219.97
2018-04-06,11:29:53.862223,220
2018-04-06,11:30:01.885565,219.97
2018-04-06,11:30:11.310818,220
2018-04-06,11:30:23.677703,220
2018-04-06,11:30:31.921027,220
2018-04-06,11:30:38.991954,219.98
2018-04-06,11:30:50.119130,219.98
2018-04-06,11:30:57.695396,219.98
2018-04-06,11:31:05.030957,219.98
2018-04-06,11:31:11.205170,219.98
2018-04-06,11:31:19.892208,219.98
2018-04-06,11:31:28.052812,219.98
2018-04-06,11:31:37.699067,219.98
2018-04-06,11:31:46.840874,219.98
2018-04-06,11:31:55.305113,219.98
2018-04-06,11:32:04.938343,219.98
2018-04-06,11:32:14.067928,219.98
2018-04-06,11:32:28.107631,219.98
2018-04-06,11:32:36.354860,219.98
2018-04-06,11:32:45.007373,219.98
2018-04-06,11:32:57.086771,219.98
2018-04-06,11:33:06.594263,219.98
2018-04-06,11:33:13.799397,219.98
2018-04-06,11:33:20.006135,219.98
2018-04-06,11:33:26.265301,219.98
2018-04-06,11:33:33.213003,219.98
2018-04-06,11:33:40.984261,219.98
2018-04-06,11:33:47.598601,219.98
2018-04-06,11:33:54.937062,219.99
2018-04-06,11:34:02.572301,219.99
2018-04-06,11:34:10.012138,219.99
2018-04-06,11:34:17.575923,219.99
2018-04-06,11:34:29.188792,219.99
2018-04-06,11:34:43.016283,219.99
2018-04-06,11:34:53.504440,219.9
2018-04-06,11:35:01.633185,219.9
2018-04-06,11:35:09.426118,219.9
2018-04-06,11:35:17.727179,219.9
2018-04-06,11:35:30.030841,219.9
2018-04-06,11:35:39.930042,219.9
2018-04-06,11:35:46.467008,219.9
2018-04-06,11:36:02.191299,219.8
2018-04-06,11:36:10.471929,219.8
2018-04-06,11:36:19.035209,219.8
2018-04-06,11:36:26.438093,219.8
2018-04-06,11:36:42.096485,219.88
2018-04-06,11:36:49.625425,219.8
2018-04-06,11:36:58.602281,219.88
2018-04-06,11:37:05.508839,219.88
2018-04-06,11:37:15.166132,219.88
2018-04-06,11:37:23.707523,219.88
2018-04-06,11:37:33.076537,219.88
2018-04-06,11:37:41.116143,219.88
2018-04-06,11:37:48.125951,219.5
2018-04-06,11:37:58.643017,219.5
2018-04-06,11:38:06.322239,219.5
2018-04-06,11:38:13.318486,219.5
2018-04-06,11:38:21.758154,219.5
2018-04-06,11:38:28.285621,219.5
2018-04-06,11:38:35.735222,219
2018-04-06,11:38:43.350013,219.5
2018-04-06,11:38:52.169024,219
2018-04-06,11:39:01.405883,219
2018-04-06,11:39:10.873586,219
2018-04-06,11:39:20.767116,219
2018-04-06,11:39:27.147204,219
2018-04-06,11:39:34.073056,219
2018-04-06,11:39:47.410824,219
2018-04-06,11:39:55.893802,219
2018-04-06,11:40:21.731311,219
2018-04-06,11:40:34.636259,219
2018-04-06,11:40:58.531550,219
2018-04-06,11:41:09.581984,219
2018-04-06,11:41:19.466711,219
2018-04-06,11:41:26.794148,219
2018-04-06,11:41:34.347868,219
2018-04-06,11:41:41.873403,219
2018-04-06,11:41:49.485338,219
2018-04-06,11:41:58.341149,219
2018-04-06,11:42:06.590309,219
2018-04-06,11:42:13.631727,219
2018-04-06,11:42:20.957040,219
2018-04-06,11:42:28.783199,219
2018-04-06,11:42:37.416112,219.01
2018-04-06,11:42:48.603649,219.01
2018-04-06,11:43:00.447962,219.01
2018-04-06,11:43:05.997979,219.01
2018-04-06,11:43:12.268672,219.01
2018-04-06,11:43:19.827594,219.01
2018-04-06,11:43:28.448033,219.01
2018-04-06,11:43:35.419896,219.01
2018-04-06,11:43:43.167744,219.01
2018-04-06,11:43:52.414284,219
2018-04-06,11:43:59.948391,219
2018-04-06,11:44:08.175731,219
2018-04-06,11:44:17.952604,219
2018-04-06,11:44:34.598250,219
2018-04-06,11:44:41.177267,219
2018-04-06,11:44:54.225399,219
2018-04-06,11:45:03.149910,219
2018-04-06,11:45:12.582363,219
2018-04-06,11:45:27.320085,219
2018-04-06,11:45:36.971725,219
2018-04-06,11:45:50.565245,219
2018-04-06,11:45:58.032421,219
2018-04-06,11:46:16.132252,219
2018-04-06,11:46:21.601702,219.5
2018-04-06,11:46:30.775457,219.5
2018-04-06,11:46:39.786775,219.5
2018-04-06,11:46:50.947220,219.5
2018-04-06,11:47:02.553228,219.5
2018-04-06,11:47:19.424867,219.5
2018-04-06,11:47:33.733789,219.5
2018-04-06,11:47:39.752632,219.5
2018-04-06,11:47:47.883569,219.5
2018-04-06,11:47:56.086221,219.5
2018-04-06,11:48:07.025191,219.61
2018-04-06,11:48:15.450553,219.61
2018-04-06,11:48:24.628424,219.61
2018-04-06,11:48:33.333657,219.61
2018-04-06,11:48:42.267009,219.61
2018-04-06,11:48:49.169440,219.61
2018-04-06,11:48:56.596126,219.61
2018-04-06,11:49:10.564397,219.61
2018-04-06,12:04:49.485044,219.61
2018-04-06,12:04:55.922374,219
2018-04-06,12:05:11.435430,219
2018-04-06,12:05:21.498849,219
2018-04-06,12:05:29.783908,219
2018-04-06,12:05:42.617550,219
2018-04-06,12:05:51.776008,219
2018-04-06,12:05:59.842207,219
2018-04-06,12:06:07.566038,219
2018-04-06,12:06:19.817350,219
2018-04-06,12:06:29.569270,219
2018-04-06,12:06:39.104592,219
2018-04-06,12:06:47.578273,219
2018-04-06,12:06:56.662604,219
2018-04-06,12:07:05.574809,219
2018-04-06,12:07:13.111920,219
2018-04-06,12:07:21.049491,219
2018-04-06,12:07:31.099591,219
2018-04-06,12:07:38.624085,219
2018-04-06,12:07:46.017116,219
2018-04-06,12:07:52.773238,219
2018-04-06,12:08:06.258864,219
2018-04-06,12:08:15.576474,219
2018-04-06,12:08:24.926023,219
2018-04-06,12:08:34.276843,219
2018-04-06,12:08:45.140976,219
2018-04-06,12:08:52.724927,219
2018-04-06,12:09:00.486409,219
2018-04-06,12:09:08.892107,219
2018-04-06,12:09:18.475870,219
2018-04-06,12:09:29.732103,219
2018-04-06,12:09:37.712829,219
2018-04-06,12:09:46.772361,219
2018-04-06,12:09:57.322320,219
2018-04-06,12:10:06.082724,219
2018-04-06,12:10:18.315780,219
2018-04-06,12:10:26.921814,219
2018-04-06,12:10:36.033049,219
2018-04-06,12:10:46.881158,219
2018-04-06,12:10:57.084838,219
2018-04-06,12:11:05.393130,219
2018-04-06,12:11:12.999259,219
2018-04-06,12:11:21.559353,219
2018-04-06,12:11:31.287020,219
2018-04-06,12:11:37.612226,219
2018-04-06,12:11:46.651723,219
2018-04-06,12:11:57.342861,219
2018-04-06,12:12:14.347449,219
2018-04-06,12:12:24.256167,219
2018-04-06,12:12:32.557038,219
2018-04-06,12:37:33.898049,219
2018-04-06,12:37:41.335316,219
2018-04-06,12:37:47.507696,219
2018-04-06,12:37:53.508478,219
2018-04-06,12:38:00.061876,219
2018-04-06,12:38:08.150426,219
2018-04-06,12:38:15.477022,219
2018-04-06,12:38:22.556321,219
2018-04-06,12:38:30.274517,219
2018-04-06,12:38:37.406322,219
2018-04-06,12:38:48.731475,219
2018-04-06,12:38:59.413525,219
2018-04-06,12:39:10.017636,219
2018-04-06,12:39:16.081170,219
2018-04-06,12:39:23.357152,219
2018-04-06,12:39:30.350721,219
2018-04-06,12:39:36.921584,219
2018-04-06,12:45:43.452679,219
2018-04-06,12:45:55.613716,219
2018-04-06,12:46:01.919078,219
2018-04-06,12:46:07.961966,219
2018-04-06,12:46:16.193949,219
2018-04-06,12:46:24.837327,219
2018-04-06,12:46:32.498323,219
2018-04-06,12:46:41.424398,219
2018-04-06,12:46:50.118217,219
2018-04-06,12:46:56.660957,219
2018-04-06,12:47:02.655968,219
2018-04-06,12:47:10.749185,219
2018-04-06,12:47:23.157409,219
2018-04-06,12:47:34.184853,219
2018-04-06,12:47:41.611165,219
2018-04-06,12:47:50.497300,219
2018-04-06,12:47:58.010349,219
2018-04-06,12:48:07.258138,219
2018-04-06,12:48:14.625039,219
2018-04-06,12:48:26.053893,219
2018-04-06,12:48:33.988389,219
2018-04-06,12:48:40.041167,219
2018-04-06,12:48:46.859477,219
2018-04-06,12:48:57.104825,219
2018-04-06,12:49:07.880165,219
2018-04-06,12:49:18.473980,219
2018-04-06,12:49:28.847183,219
2018-04-06,12:49:36.341607,219
2018-04-06,12:49:47.105505,219
2018-04-06,12:49:54.628738,219
2018-04-06,12:50:03.287038,219
2018-04-06,12:50:09.088574,219
2018-04-06,12:50:18.099210,219
2018-04-06,12:50:25.672585,219
2018-04-06,12:50:31.640060,219
2018-04-06,12:50:39.666781,219
2018-04-06,12:50:48.800215,219
2018-04-06,12:50:58.393128,219
2018-04-06,12:51:05.975773,219
2018-04-06,12:51:14.259897,219
2018-04-06,12:51:22.328592,219
2018-04-06,12:51:29.722848,219
2018-04-06,12:51:36.510010,219
2018-04-06,12:51:43.529866,219
2018-04-06,12:51:50.528621,219
2018-04-06,12:51:58.881835,219
2018-04-06,12:52:06.537919,219
2018-04-06,12:52:14.046102,219
2018-04-06,12:52:23.940166,219
2018-04-06,12:52:32.435136,219
2018-04-06,12:52:39.363429,219
2018-04-06,12:52:46.403986,219
2018-04-06,13:01:18.543495,219
2018-04-06,13:01:28.846742,219
2018-04-06,13:01:35.898966,219
2018-04-06,13:01:43.677898,219
2018-04-06,13:01:56.456233,219
2018-04-06,13:02:12.429096,219
2018-04-06,13:02:23.849776,219
2018-04-06,13:02:31.398346,219
2018-04-06,13:02:43.116315,219
2018-04-06,13:02:53.661935,219
2018-04-06,13:03:01.454167,219
2018-04-06,13:03:12.290205,219
2018-04-06,13:03:20.148715,219
2018-04-06,13:03:28.376385,219
2018-04-06,13:03:38.649280,219
2018-04-06,13:03:46.353956,219
2018-04-06,13:03:54.533460,219
2018-04-06,13:04:03.666142,219
2018-04-06,13:04:15.612906,219
2018-04-06,13:04:26.293712,219
2018-04-06,13:04:40.432174,219
2018-04-06,13:04:47.151688,219
2018-04-06,13:04:59.686253,219
2018-04-06,13:05:12.430010,219
2018-04-06,13:05:34.106693,219
2018-04-06,13:05:41.967610,219
2018-04-06,13:05:52.019238,219
2018-04-06,13:06:01.318271,219
2018-04-06,13:06:08.495299,219
2018-04-06,13:06:16.367968,219
2018-04-06,13:06:25.782333,219
2018-04-06,13:06:37.271746,219
2018-04-06,13:06:45.735000,219
2018-04-06,13:06:53.546197,219
2018-04-06,13:07:08.560564,219
2018-04-06,13:07:18.221130,219
2018-04-06,13:07:29.273381,219
2018-04-06,13:07:39.096467,219
2018-04-06,13:07:48.983179,219
2018-04-06,13:07:56.740450,219
2018-04-06,13:08:05.822886,219
2018-04-06,13:08:17.502184,219
2018-04-06,13:08:26.075899,219
2018-04-06,13:08:40.314119,219
2018-04-06,13:08:50.397060,219
2018-04-06,13:08:57.630709,219
2018-04-06,13:09:05.563456,219
2018-04-06,13:09:15.945498,219
2018-04-06,13:09:24.602143,219
2018-04-06,13:09:33.479410,219
2018-04-06,13:09:41.115988,219
2018-04-06,13:09:48.261717,219
2018-04-06,13:09:56.403701,219
2018-04-06,13:10:02.545595,219
2018-04-06,13:10:09.394511,219
2018-04-06,13:10:19.137011,219
2018-04-06,13:10:32.614962,219
2018-04-06,13:10:44.377257,219
2018-04-06,13:10:54.472224,219
2018-04-06,13:11:01.834244,219
2018-04-06,13:11:08.748027,219
2018-04-06,13:11:15.847057,219
2018-04-06,13:11:30.253688,219
2018-04-06,13:11:40.940851,219
2018-04-06,13:11:50.281096,219
2018-04-06,13:12:00.947657,219
2018-04-06,13:12:08.198851,219
2018-04-06,13:12:14.710041,219
2018-04-06,13:12:20.806408,219
2018-04-06,13:12:54.080628,219
2018-04-06,13:13:00.049869,219
2018-04-06,13:13:06.764057,219
2018-04-06,13:13:15.389475,219
2018-04-06,13:13:23.451060,219
2018-04-06,13:13:31.807161,219
2018-04-06,13:13:43.067551,219
2018-04-06,13:13:56.037401,219
2018-04-06,13:14:06.583769,219
2018-04-06,13:14:17.112134,219
2018-04-06,13:14:27.712330,219
2018-04-06,13:14:38.266361,219
2018-04-06,13:14:49.095855,219
2018-04-06,13:14:59.620473,219
2018-04-06,13:15:09.168875,219
2018-04-06,13:15:17.889683,219
2018-04-06,13:15:25.396002,219
2018-04-06,13:18:53.159919,219
2018-04-06,13:19:00.310802,219
2018-04-06,13:19:07.083162,219
2018-04-06,13:19:18.604108,219
2018-04-06,13:19:29.790157,219
2018-04-06,13:19:36.798745,219
2018-04-06,13:19:43.726863,219
2018-04-06,13:19:51.673841,219
2018-04-06,13:20:00.169431,219
2018-04-06,13:20:17.346572,219
2018-04-06,13:20:29.449936,219
2018-04-06,13:20:43.609354,219
2018-04-06,13:20:52.041956,219
2018-04-06,13:21:07.641080,219
2018-04-06,13:21:22.329189,219
2018-04-06,13:21:29.957986,219
2018-04-06,13:22:30.194350,219
2018-04-06,13:22:46.608218,219
2018-04-06,13:22:54.861348,219
2018-04-06,13:23:09.881870,219
2018-04-06,13:23:18.864306,219
2018-04-06,13:23:41.173821,219
2018-04-06,13:23:53.673773,219
2018-04-06,13:24:02.824696,219
2018-04-06,13:24:12.454099,219
2018-04-06,13:24:25.935224,219
2018-04-06,13:24:39.256124,219
2018-04-06,13:24:50.359044,219
2018-04-06,13:24:58.624152,219
2018-04-06,13:25:09.942151,219
2018-04-06,13:25:20.421104,219
2018-04-06,13:25:31.383901,219
2018-04-06,13:25:42.815385,219
2018-04-06,13:25:51.084262,219
2018-04-06,13:26:01.293969,219
2018-04-06,13:26:11.098067,219
2018-04-06,13:26:18.570379,219
2018-04-06,13:26:26.493156,219
2018-04-06,13:26:36.829833,219
2018-04-06,13:26:48.432220,219
2018-04-06,13:26:58.538697,219
2018-04-06,13:27:09.358693,219
2018-04-06,13:27:16.083305,219
2018-04-06,13:27:26.034775,219
2018-04-06,13:27:34.266062,219
2018-04-06,13:27:41.341052,219
2018-04-06,13:27:48.746470,219
2018-04-06,13:27:56.295321,219
2018-04-06,13:28:03.523394,219
2018-04-06,13:28:10.522542,219
2018-04-06,13:28:19.417748,219
2018-04-06,13:28:26.300095,219
2018-04-06,13:28:34.874146,219
2018-04-06,13:28:42.740547,219
2018-04-06,13:28:51.980035,219
2018-04-06,13:28:58.890099,219
2018-04-06,13:29:07.357270,219
2018-04-06,13:29:15.870085,219
2018-04-06,13:29:23.492220,219
2018-04-06,13:29:31.000367,219
2018-04-06,13:29:51.013142,219
2018-04-06,13:29:59.928486,219
2018-04-06,13:30:10.106658,219
2018-04-06,13:30:17.308941,219
2018-04-06,13:30:25.414781,219
2018-04-06,13:30:33.348381,219
2018-04-06,13:30:44.521300,219
2018-04-06,13:30:53.503400,219
2018-04-06,13:31:00.610874,219
2018-04-06,13:31:07.800246,219
2018-04-06,13:31:19.707339,219
2018-04-06,13:31:32.198806,219
2018-04-06,13:31:40.114913,219
2018-04-06,13:31:47.440668,219
2018-04-06,13:31:53.592917,219
2018-04-06,13:32:04.385250,219
2018-04-06,13:32:16.264326,219
2018-04-06,13:32:27.173153,219
2018-04-06,13:32:35.593949,219
2018-04-06,13:32:44.913274,219
2018-04-06,13:32:54.456403,219
2018-04-06,13:33:03.183700,219
2018-04-06,13:33:13.867009,219
2018-04-06,13:33:20.701491,219
2018-04-06,13:33:31.950790,219
2018-04-06,13:33:39.453009,219
2018-04-06,13:33:46.825836,219
2018-04-06,13:33:53.248836,219
2018-04-06,13:33:59.878420,219
2018-04-06,13:34:06.375419,219
2018-04-06,13:34:18.527033,219
2018-04-06,13:34:25.675559,219
2018-04-06,13:34:35.292156,219
2018-04-06,13:34:43.016416,219
2018-04-06,13:34:50.445471,219
2018-04-06,13:35:01.948617,219
2018-04-06,13:35:14.229248,219
2018-04-06,13:35:24.324579,219
2018-04-06,13:35:32.637219,219
2018-04-06,13:35:39.114408,219
2018-04-06,13:35:47.659592,219
2018-04-06,13:35:54.975694,219
2018-04-06,13:36:01.791513,219
2018-04-06,13:36:11.952451,219
2018-04-06,13:36:20.829095,219
2018-04-06,13:36:28.948590,219
2018-04-06,13:36:40.036570,219
2018-04-06,13:36:47.550883,219
2018-04-06,13:36:54.558195,219
2018-04-06,13:37:06.028756,219
2018-04-06,13:37:23.567418,219
2018-04-06,13:37:37.606700,219
2018-04-06,13:37:47.534564,219
2018-04-06,13:37:56.593903,219
2018-04-06,13:38:07.797757,219
2018-04-06,13:38:17.816793,219
2018-04-06,13:38:24.551651,219
2018-04-06,13:38:34.630906,219
2018-04-06,13:38:42.545626,219
2018-04-06,13:38:54.143311,219
2018-04-06,13:39:01.966429,219
2018-04-06,13:39:12.030104,219
2018-04-06,13:39:22.576678,219
2018-04-06,13:39:33.875365,219
2018-04-06,13:39:41.719706,219
2018-04-06,13:39:50.512741,219
2018-04-06,13:39:57.720218,219
2018-04-06,13:40:07.414573,219
2018-04-06,13:40:20.787452,219
2018-04-06,13:40:29.251910,219
2018-04-06,13:40:38.889925,219
2018-04-06,13:40:45.821693,219
2018-04-06,13:40:55.018042,219
2018-04-06,13:41:02.203126,219
2018-04-06,13:41:15.230485,219
2018-04-06,13:41:22.947527,219
2018-04-06,13:41:30.170176,219
2018-04-06,13:41:39.517918,219
2018-04-06,13:41:48.156114,219
2018-04-06,13:41:54.856530,219
2018-04-06,13:42:02.731823,219
2018-04-06,13:42:18.179496,219
2018-04-06,13:42:27.810921,219
2018-04-06,13:42:35.579985,219
2018-04-06,13:42:46.112224,219
2018-04-06,13:42:52.852902,219
2018-04-06,13:43:03.466555,219
2018-04-06,13:43:10.296884,219
2018-04-06,13:43:20.731110,219
2018-04-06,13:43:31.421388,219
2018-04-06,13:43:38.237430,219
2018-04-06,13:43:45.292437,219
2018-04-06,13:43:52.264360,219
2018-04-06,13:43:58.184801,219
2018-04-06,13:44:06.499450,219
2018-04-06,13:44:15.271134,219
2018-04-06,13:44:22.485358,219
2018-04-06,13:44:34.876324,219
2018-04-06,13:44:42.711550,219
2018-04-06,13:44:57.062439,219
2018-04-06,13:45:06.089647,219
2018-04-06,13:45:13.092610,219
2018-04-06,13:45:21.733308,219
2018-04-06,13:45:35.254589,219
2018-04-06,13:45:47.930988,219
2018-04-06,13:45:55.587456,219
2018-04-06,13:46:03.130610,219
2018-04-06,13:46:09.908525,219
2018-04-06,13:46:16.300823,219
2018-04-06,13:46:22.462925,219
2018-04-06,13:46:32.200986,219
2018-04-06,13:46:41.121490,219
2018-04-06,13:46:48.425088,219
2018-04-06,13:46:54.511753,219
2018-04-06,13:47:01.769851,219
2018-04-06,13:47:09.225467,219
2018-04-06,13:47:21.181983,219
2018-04-06,13:48:49.889333,219
2018-04-06,13:48:58.576215,219
2018-04-06,13:49:07.672309,219
2018-04-06,13:49:18.867832,219
2018-04-06,13:49:30.124421,219
2018-04-06,13:52:16.447662,219
2018-04-06,13:52:23.796717,219
2018-04-06,13:53:38.529704,219
2018-04-06,13:53:53.338463,219
2018-04-06,13:54:01.878149,219
2018-04-06,13:54:09.767063,219
2018-04-06,13:54:17.059702,219
2018-04-06,13:54:25.237850,219
2018-04-06,13:54:32.322029,219
2018-04-06,13:54:40.123197,219
2018-04-06,13:54:48.273596,219
2018-04-06,13:54:57.497148,219
2018-04-06,13:55:06.283134,219
2018-04-06,13:55:13.658114,219
2018-04-06,13:55:21.444069,219
2018-04-06,13:55:29.084474,219
2018-04-06,13:55:37.731000,219
2018-04-06,13:55:46.889943,219
2018-04-06,13:55:55.923565,219
2018-04-06,14:16:25.091992,219
2018-04-06,14:16:31.621411,219
2018-04-06,14:16:38.377160,219
2018-04-06,14:16:46.240160,219
2018-04-06,14:16:54.223222,219
2018-04-06,14:17:04.577176,219
